{
    "id": "storyteller-cinema",
    "title": "Storyteller's Cinema",
    "version": "1.0.3",
    "compatibility": {
        "minimum": "12",
        "verified": "13"
    },
    "relationships": {
        "requires": [
            {
                "id": "monks-active-tiles",
                "type": "module",
                "compatibility": {}
            },
            {
                "id": "sequencer",
                "type": "module",
                "compatibility": {}
            }
        ]
    },
    "esmodules": [
        "main.js"
    ],
    "styles": [
        "style.css"
    ],
    "url": "https://github.com/sammore2/storyteller-cinema",
    "manifest": "https://github.com/sammore2/storyteller-cinema/releases/latest/download/module.json",
    "download": "https://github.com/sammore2/storyteller-cinema/releases/download/v1.0.3/module.zip",
    "description": "Transform your Foundry VTT battlemaps into an immersive 2.5D Visual Novel experience. This module converts top-down tokens into upright 'Standees' (Paper Mario style) with automatic depth scaling and cinematic overlays.",
    "authors": [
        {
            "name": "Rob Sammore",
            "email": "robblackmore10@gmail.com",
            "discord": "sammore",
            "flags": {}
        }
    ],
    "flags": {}
}